date,timestamp,ticker,action,price,raw_snippet,msg_id
2022-07-22,2022-07-22T23:58:46.557-04:00,SNOW,OPEN,11.0,$SNOW 16SEP 130P @ $11,1000250598991605852
2022-07-25,2022-07-25T19:38:38.829-04:00,TTD,OPEN,3.7,$TTD 19AUG 45P @ $3.70,1001272299032432650
2022-09-12,2022-09-12T01:56:03.536-04:00,ENVX,OPEN,2.3,$ENVX 21OCT 22.5C @ $2.30,1018761895366373416
2022-09-12,2022-09-12T01:59:29.721-04:00,U,OPEN,1.4,$U 22SEP 44C @ $1.4,1018762760168931338
2022-09-12,2022-09-12T02:02:53.961-04:00,XOM,OPEN,1.45,$XOM 21OCT 105C @ $1.45,1018763616813588522
2022-09-12,2022-09-12T02:23:07.46-04:00,NVDA,OPEN,3.92,$NVDA 16DEC 100P @ $3.92,1018768706597310544
2022-09-12,2022-09-12T02:23:07.46-04:00,NVDA,OPEN,154.0,Below 140 I cannot be bullish on $NVDA but the better short entry is 150-154 if it trades,1018768706597310544
2022-09-23,2022-09-23T18:29:23.546-04:00,FXI,OPEN,0.41,$FXI 30SEP 27.5C @ $0.41,1022998142448320623
2022-09-25,2022-09-25T23:22:33.826-04:00,KMX,OPEN,9.25,$KMX 18NOV 80C @ $9.25,1023796697161281636
2022-09-29,2022-09-29T00:07:21.363-04:00,TLT,OPEN,115.0,Timing:  Safer to buy time into January but bond market bulls are bullish at some point between now and 18NOV when $TLT is expected to reach 110-115 target from today's 104.,1024895133105279017
2022-09-29,2022-09-29T00:07:21.363-04:00,NFLX,OPEN,17.7,$NFLX 20JAN 250/300C@ 17.7,1024895133105279017
2022-09-29,2022-09-29T00:07:21.363-04:00,NFLX,OPEN,8.0,$NFLX 18NOV 250/270@ $8,1024895133105279017
2022-10-23,2022-10-23T14:08:48.158-04:00,EWZ,OPEN,34.8,$EWZ cup and handle broke out Friday. We should see some resistance as we approach the first Fibonacci level @ 34.80.,1033804198845874187
2022-10-23,2022-10-23T14:38:23.675-04:00,ZS,OPEN,147.25,$ZS has a good reaction last week to its weekly 200sma @ 147.25.,1033811645903941852
2022-10-23,2022-10-23T14:38:23.675-04:00,TNX,OPEN,170.0,Thinking if $TNX begins to roll down temporarily into midterms we could get a great counter trend bounce back to 167-170 area.,1033811645903941852
2022-11-17,2022-11-17T19:21:48.683-05:00,ENPH,OPEN,5.3,$ENPH 16DEC 370C @ 5.3,1042957766211416145
2022-11-17,2022-11-17T19:40:57.429-05:00,LMT,OPEN,1.15,$LMT 25NOV 492.5C @ $1.15,1042962584401367090
2022-11-17,2022-11-17T19:50:23.978-05:00,AMGN,OPEN,3.0,$AMGN 16DEC 300C @ $3 &,1042964960680091668
2022-11-17,2022-11-17T19:50:23.978-05:00,AMGN,OPEN,1.85,$AMGN JAN 325C @ $1.85,1042964960680091668
2022-11-17,2022-11-17T20:14:46.86-05:00,ORCL,OPEN,3.0,$ORCL JAN 82.5C @ $3,1042971096451924019
2022-11-21,2022-11-21T23:06:27.481-05:00,EWZ,OPEN,1.5,$EWZ January 28C @ $1.50,1044463851850170429
2022-11-21,2022-11-21T23:06:27.481-05:00,PBR,OPEN,4.4,$PBR 16DEC 7C @ $4.4,1044463851850170429
2022-12-12,2022-12-12T13:43:59.381-05:00,MDB,OPEN,200.0,$MDB at resistance here @ 200-201.,1051932447236968488
2022-12-19,2022-12-19T01:24:16.185-05:00,CAT,OPEN,226.0,$CAT good deal of support between 225-226.,1054283005679648830
2022-12-19,2022-12-19T01:24:16.185-05:00,CAT,OPEN,207.0,Below 225 $CAT should see a significant downside move back to the gap zone between 211-207,1054283005679648830
2023-01-03,2023-01-03T22:40:52.273-05:00,TLT,OPEN,1.3,$TLT 20JAN 103C @ $1.3,1060040090941927515
2023-01-04,2023-01-04T00:28:02.567-05:00,NFLX,OPEN,8.9,$NFLX 20JAN 300/325C @ $8.90 or,1060067061549764708
2023-01-04,2023-01-04T00:28:02.567-05:00,NFLX,OPEN,8.7,$NFLX 325C @ $8.70,1060067061549764708
2023-01-08,2023-01-08T19:55:12.721-05:00,JPM,OPEN,340.0,$JPM is the clear relative strength leader amongst $XLF large caps. However for new entry I like the idea of buying $GS since it's closer to a potential support @ 340 so our risk reward is much better,1061810340767211620
2023-01-08,2023-01-08T19:55:12.721-05:00,XLF,OPEN,340.0,$JPM is the clear relative strength leader amongst $XLF large caps. However for new entry I like the idea of buying $GS since it's closer to a potential support @ 340 so our risk reward is much better,1061810340767211620
2023-01-08,2023-01-08T19:55:12.721-05:00,GS,OPEN,340.0,$JPM is the clear relative strength leader amongst $XLF large caps. However for new entry I like the idea of buying $GS since it's closer to a potential support @ 340 so our risk reward is much better,1061810340767211620
2023-01-08,2023-01-08T19:55:12.721-05:00,JPM,OPEN,340.0,$JPM is the clear relative strength leader amongst $XLF large caps. However for new entry I like the idea of buying $GS since it's closer to a potential support @ 340 so our risk reward is much better,1061810340767211620
2023-01-08,2023-01-08T19:55:12.721-05:00,GS,OPEN,1.13,$GS 17MAR 410C @ $1.13,1061810340767211620
2023-01-08,2023-01-08T20:05:07.439-05:00,CTMX,OPEN,0.85,$CTMX 18AUG 2.5C @ $0.85,1061812835195297863
2023-01-08,2023-01-08T20:15:34.565-05:00,GSK,OPEN,1.13,$GSK 3FEB 35C @ $1.13,1061815465552396348
2023-01-08,2023-01-08T20:36:16.32-05:00,ORCL,OPEN,180.0,$ORCL 20JAN 85C @ 180,1061820673850364014
2023-01-08,2023-01-08T20:49:44.472-05:00,MRVL,OPEN,3.0,$MRVL 17MAR 37.5C @ $3,1061824063485513748
2023-01-08,2023-01-08T21:05:53.457-05:00,BA,OPEN,213.0,Mentioned that $BA should reach 200 by January and we're now trading @ 213.,1061828127703187467
2023-01-08,2023-01-08T21:05:53.457-05:00,BA,OPEN,6.0,$BA 17MAR 235C @ $6 (better if you can get dip at or < $5),1061828127703187467
2023-01-08,2023-01-08T21:05:53.457-05:00,BA,OPEN,4.0,$BA 17FEB 225C @ $4-$5 if possible.,1061828127703187467
2023-01-08,2023-01-08T21:11:15.584-05:00,OXY,OPEN,60.0,Buffett now owns 30% of $OXY accumulating between 55-60.,1061829478801735740
2023-01-08,2023-01-08T22:25:45.345-05:00,PDD,OPEN,3.0,$PDD 17FEB 110C @ $3,1061848226338177146
2023-01-16,2023-01-16T23:51:42.091-05:00,SE,OPEN,0.76,$SE 20JAN 64C @ 0.76 should work for target 1: 64-65.50,1064768958223360072
2023-01-16,2023-01-16T23:51:42.091-05:00,SE,OPEN,1.7,$SE 17FEB 70C @ $1.70 should work for target 2: 69,1064768958223360072
2023-01-18,2023-01-18T01:04:26.264-05:00,SPX,OPEN,241.5,With $SPX looking for a pullback soon I'm liking this short set-up on $MSFT against a supply zone at 241.50,1065149650757222440
2023-01-18,2023-01-18T01:04:26.264-05:00,MSFT,OPEN,241.5,With $SPX looking for a pullback soon I'm liking this short set-up on $MSFT against a supply zone at 241.50,1065149650757222440
2023-01-18,2023-01-18T01:04:26.264-05:00,MSFT,OPEN,1.1,$MSFT 27JAN 240/237.5 put spread @ $1.10,1065149650757222440
2023-01-19,2023-01-19T01:55:23.607-05:00,ABNB,OPEN,5.2,$ABNB 17MAR 95P @ $5.20,1065524862048813206
2023-01-23,2023-01-23T03:28:12.281-05:00,ORCL,OPEN,3.4,$ORCL 21APR 90C @ $3.4,1066997770222841876
2023-02-03,2023-02-03T01:04:47.595-05:00,MSFT,OPEN,277.0,$MSFT target: 275-277,1070947946075541535
2023-02-03,2023-02-03T01:17:30.169-05:00,NFLX,OPEN,,$NFLX over 370 buy,1070951144542703646
2023-02-06,2023-02-06T19:15:06.896-05:00,META,OPEN,180.0,Though $META is up quite a bit even at 180 its PE is still below S&P!,1072309498108194898
2023-02-20,2023-02-20T23:36:35.398-05:00,CVNA,OPEN,10.8,$CVNA ER Thursday after the bell. Liking this long setup into earnings this week as long as daily 8ema @ 10.80 holds,1077448730573275197
2023-02-24,2023-02-24T20:12:52.675-05:00,GS,OPEN,3.0,$GS 24MAR 380C @ $3.xx,1078847016219721788
2023-02-24,2023-02-24T21:01:08.394-05:00,SPY,OPEN,,Now that we're back at January levels if you missed this statistic on buy and hold $SPY for 20 years opportunity awaits.,1078859161745506456
2023-02-27,2023-02-27T00:14:31.825-05:00,DXY,OPEN,22.0,$DXY at trendline resistance. If it holds I'll look for $SLV to revert to the mean of the bolinger band at 22 like we've seen in past instances where $SLV was this oversold.,1079632605793767424
2023-02-27,2023-02-27T00:14:31.825-05:00,SLV,OPEN,22.0,$DXY at trendline resistance. If it holds I'll look for $SLV to revert to the mean of the bolinger band at 22 like we've seen in past instances where $SLV was this oversold.,1079632605793767424
2023-02-27,2023-02-27T00:14:31.825-05:00,SLV,OPEN,22.0,$DXY at trendline resistance. If it holds I'll look for $SLV to revert to the mean of the bolinger band at 22 like we've seen in past instances where $SLV was this oversold.,1079632605793767424
2023-03-06,2023-03-06T14:14:03.569-05:00,SQ,OPEN,2.05,$SQ 17MAR 84C @ $2.05,1082380595260313731
2023-03-16,2023-03-16T23:23:50.5-04:00,RBLX,OPEN,0.74,$RBLX 21APR 55C @ 0.74,1086127731638554644
2023-03-20,2023-03-20T02:23:17.635-04:00,AMD,OPEN,104.0,$AMD I don't think we've seen the highs quite yet though we are currently a bit extended. The cup and handle measured move = 104.,1087260055872733254
2023-03-26,2023-03-26T19:58:21.926-04:00,XOM,OPEN,103.0,I'm looking at calls in names like $XOM and $OXY here @ 103/104 & 58 respectively,1089699900507312238
2023-03-26,2023-03-26T19:58:21.926-04:00,OXY,OPEN,103.0,I'm looking at calls in names like $XOM and $OXY here @ 103/104 & 58 respectively,1089699900507312238
2023-03-26,2023-03-26T20:40:12.553-04:00,SHOP,ADD,,I'm adding another debit spread on $SHOP for 12MAY.,1089710430840160317
2023-04-03,2023-04-03T00:27:05.021-04:00,GOOGL,OPEN,0.72,$GOOGL > 103.90 buy 105C (filled @ 0.72),1092304240728350840
2023-04-03,2023-04-03T00:39:20.444-04:00,NFLX,OPEN,3.6,$NFLX 6APR 350C @ $3.60,1092307325315981392
2023-04-03,2023-04-03T00:42:11.066-04:00,AI,OPEN,4.0,$AI 19MAY 35C @ $4,1092308040956530798
2023-04-12,2023-04-12T19:50:19.551-04:00,SLV,OPEN,1.4,$SLV 15SEP 25C @ $1.4-$1.60,1095858470995120199
2023-04-12,2023-04-12T19:50:19.551-04:00,SLV,OPEN,,*dips should continue to be buyable. Presently $SLV looks to be outperforming $GLD,1095858470995120199
2023-04-12,2023-04-12T19:50:19.551-04:00,GLD,OPEN,,*dips should continue to be buyable. Presently $SLV looks to be outperforming $GLD,1095858470995120199
2023-04-18,2023-04-18T12:51:42.387-04:00,SHOP,OPEN,4.45,$SHOP 16JUN 50C @ $4.45,1097927449167269938
2023-04-20,2023-04-20T00:41:33.436-04:00,NFLX,OPEN,7.0,$NFLX 19MAY 335C @ 7-8,1098468476840050798
2023-04-20,2023-04-20T01:55:13.958-04:00,FRC,OPEN,1.7,$FRC 19MAY 17.5C @ $1.70,1098487017853177976
2023-04-28,2023-04-28T02:59:01.727-04:00,QQQ,OPEN,,$QQQ MACD beginning to fire long on the daily timeframe. A close above 320 I think we can buy the 328calls for 2 weeks out. Targets the big trendline. I estimate we'd reach 328 sooner but always prefe,1101402175604797450
2023-04-28,2023-04-28T03:27:42.873-04:00,BABA,OPEN,1.65,$BABA 19MAY 90C @ $1.65ish,1101409394614358048
2023-04-28,2023-04-28T03:27:42.873-04:00,BABA,OPEN,1.5,$BABA 5MAY 86C @ $1.50,1101409394614358048
2023-04-28,2023-04-28T03:27:42.873-04:00,BABA,OPEN,0.5,$BABA 28MAY 86C @ 0.50 (lotto Friday trade on the third option),1101409394614358048
2023-04-28,2023-04-28T03:31:48.704-04:00,AMD,OPEN,2.36,$AMD 5MAY 90C @ $2.36,1101410425704292442
2023-05-04,2023-05-04T11:58:58.533-04:00,BABA,OPEN,6.15,$BABA 21JUL 85C @ $6.15,1103712384851378227
2023-05-05,2023-05-05T11:57:41.733-04:00,SNOW,OPEN,4.0,$SNOW 19MAY 157.5C @ $4-$4.5,1104074450594443334
2023-05-05,2023-05-05T12:13:42.121-04:00,SE,OPEN,5.0,$SE 23JUN 83C @ $5,1104078478753681449
2023-05-05,2023-05-05T16:07:54.552-04:00,SNOW,OPEN,149.0,For $SNOW I like it for calls again at 149/150 level for a run into earnings May 24th or if it can clear the 157 level.,1104137418921226331
2023-05-07,2023-05-07T23:37:20.51-04:00,AI,OPEN,0.9,$AI 19MAY 19.5C @ 0.90,1104975298077937716
2023-05-08,2023-05-08T12:28:04.808-04:00,ENPH,OPEN,6.0,$ENPH 19MAY 165C @ $6,1105169260722016266
2023-05-08,2023-05-08T22:56:10.795-04:00,RBLX,OPEN,0.3,$RBLX 16JUN 50C @ @ 0.3,1105327327208030268
2023-05-08,2023-05-08T22:56:10.795-04:00,RBLX,OPEN,0.28,$RBLX 19MAY 45C @ 0.28,1105327327208030268
2023-05-10,2023-05-10T15:09:26.944-04:00,META,OPEN,2.55,$META 9JUN 250C @ $2.55,1105934646274965536
2023-05-10,2023-05-10T22:48:40.255-04:00,XLE,OPEN,0.7,$XLE 19MAY 80C @ 0.70,1106050213237489746
2023-05-12,2023-05-12T00:13:35.959-04:00,SNOW,OPEN,5.55,$SNOW 26MAY 180C @ $5.55,1106433974034776084
2023-05-14,2023-05-14T22:34:31.106-04:00,GME,OPEN,0.2,$GME 19MAY 22C @ 0.20-.25,1107496203110858832
2023-05-14,2023-05-14T22:34:31.106-04:00,GME,OPEN,0.3,$GME 26MAY 23C @ 0.30,1107496203110858832
2023-05-15,2023-05-15T01:14:57.663-04:00,GOOGL,OPEN,117.5,$GOOGL met the 50% retracement from the all time high to October lows last week at 117.50.,1107536579817377833
2023-05-15,2023-05-15T01:30:23.274-04:00,GOOGL,OPEN,6.5,$GOOGL 18AUG 120C @ $6.5,1107540462111301642
2023-05-15,2023-05-15T01:30:23.274-04:00,GOOGL,OPEN,5.2,$GOOGL 15SEP 125C @ $5.2,1107540462111301642
2023-05-15,2023-05-15T18:29:06.24-04:00,MRVL,OPEN,6.7,$MRVL 21JUN 2024 47.5C @ $6.7,1107796830412087336
2023-05-15,2023-05-15T18:47:38.478-04:00,MU,OPEN,3.0,$MU 17NOV 70/80Call debit @ $3,1107801495476392017
2023-05-16,2023-05-16T00:17:27.753-04:00,EWJ,ADD,,$EWJ can be a painstakingly boring trade for options but I'm adding to my long term buy and hold portfolio if you'd like to join. If there's a market that's in a position to outperform $SPY this could,1107884497711661097
2023-05-16,2023-05-16T00:17:27.753-04:00,SPY,ADD,,$EWJ can be a painstakingly boring trade for options but I'm adding to my long term buy and hold portfolio if you'd like to join. If there's a market that's in a position to outperform $SPY this could,1107884497711661097
2023-05-16,2023-05-16T00:17:27.753-04:00,EWJ,OPEN,0.33,$EWJ 16JUN 62C @ 0.33 that's up a bit but still out of the money. Think these contracts are good to try out and get a feel for how the options trade.,1107884497711661097
2023-05-17,2023-05-17T02:14:52.474-04:00,AMZN,OPEN,3.4,$AMZN 16JUN 115C @ $3.4,1108276433278730270
2023-05-17,2023-05-17T03:10:17.174-04:00,AMD,OPEN,1.45,$AMD 16JUN 110C @ $1.45,1108290378081259601
2023-05-17,2023-05-17T03:10:17.174-04:00,AMZN,OPEN,3.4,$AMZN 16JUNE 115C @ $3.4,1108290378081259601
2023-05-17,2023-05-17T03:10:17.174-04:00,META,OPEN,2.5,$META 16JUN 250C @ $2.50,1108290378081259601
2023-05-17,2023-05-17T03:10:17.174-04:00,GOOGL,OPEN,5.5,$GOOGL 18AUG 125C @ $5.5,1108290378081259601
2023-05-19,2023-05-19T00:11:17.65-04:00,NOW,OPEN,,$NOW over 513 level buy,1108970108983975977
2023-05-22,2023-05-22T02:05:19.359-04:00,ASML,OPEN,35.0,$ASML 15SEP 700/800 call debit @ $35,1110085968788209815
2023-05-22,2023-05-22T08:30:38.018-04:00,TSLA,OPEN,4.0,$TSLA 30JUN 200C @ $4,1110182935472119858
2023-05-22,2023-05-22T08:47:21.616-04:00,NFLX,OPEN,12.0,$NFLX 18AUG 370/400C debit @ $12,1110187144867225641
2023-05-22,2023-05-22T08:47:21.616-04:00,NFLX,OPEN,7.6,$NFLX 18AUG 380/400C debit @ $7.6,1110187144867225641
2023-05-22,2023-05-22T09:04:47.984-04:00,AMD,CLOSE,,Last week $AMD closed above the prior swing high of 102.43,1110191533652709427
2023-05-22,2023-05-22T17:10:00.121-04:00,CMG,OPEN,4.1,$CMG 16JUN 2280C @ $4.1,1110313638805381251
2023-05-24,2023-05-24T02:31:45.013-04:00,CMG,OPEN,,Tomorrow the hourly 200sma catches up to price so I want to keep an open mind on this. When stocks have strong momentum after an earnings beat like $CMG did buyers tend to step in at the hourly 200sma,1110817395234320476
2023-05-26,2023-05-26T03:18:09.16-04:00,S,OPEN,20.0,Not sure why I didn't see this sooner but $S has great potential even here at 20.,1111553848524406855
2023-05-30,2023-05-30T09:22:03.665-04:00,NVDA,OPEN,6.5,$NVDA 16JUN 435C  @ $6.5,1113094980538486845
2023-05-31,2023-05-31T03:00:25.781-04:00,NFLX,OPEN,9.68,$NFLX 7JUL 420C @ $9.68,1113361327717613578
2023-05-31,2023-05-31T03:14:31.332-04:00,TWLO,OPEN,61.0,$TWLO important trendline break and now above its 200sma @ 61.,1113364874215563265
2023-05-31,2023-05-31T03:14:31.332-04:00,TWLO,OPEN,4.8,$TWLO 20OCT 75C @ $4.8,1113364874215563265
2023-05-31,2023-05-31T03:27:03.494-04:00,FSLR,OPEN,4.2,$FSLR 16JUN 215C @ $4.2,1113368029011644427
2023-06-01,2023-06-01T04:44:17.219-04:00,NFLX,OPEN,1.64,$NFLX 2JUN 410C @ $1.64,1113749852128563230
2023-06-02,2023-06-02T02:41:53.383-04:00,ENPH,OPEN,2.4,$ENPH 9JUN 190c @ $2.4,1114081437713432588
2023-06-05,2023-06-05T02:30:28.289-04:00,ADBE,OPEN,10.3,$ADBE 21JUL 470C @ $10.3,1115165727817748480
2023-06-12,2023-06-12T03:38:09.659-04:00,AMD,OPEN,4.58,$AMD 18AUG 150C @ $4.58,1117719477497384970
2023-06-12,2023-06-12T03:38:09.659-04:00,AMD,OPEN,3.4,-$AMD 16JUN 130C @ $3.40,1117719477497384970
2023-06-15,2023-06-15T04:05:26.896-04:00,NVDA,OPEN,10.0,$NVDA 18AUG 505C @ $10,1118813508163878932
2023-06-16,2023-06-16T01:12:29.089-04:00,VEEV,CLOSE,,$VEEV broke out today closing over the post earnings high of 200.44!,1119132368352063601
2023-06-16,2023-06-16T01:12:29.089-04:00,VEEV,OPEN,3.0,$VEEV 21JUL 210Call @ $3,1119132368352063601
2023-06-16,2023-06-16T01:12:29.089-04:00,VEEV,OPEN,7.7,$VEEV 19JAN 240C @ $7.7,1119132368352063601
2023-06-16,2023-06-16T01:40:21.396-04:00,GOOG,OPEN,3.0,$GOOG 18AUG 130C @ $3,1119139382515994744
2023-06-16,2023-06-16T06:35:56.363-04:00,ENVX,OPEN,0.98,$ENVX 28JUL 15C @ 0.98,1119213768359034880
2023-06-16,2023-06-16T09:00:24.744-04:00,EWJ,OPEN,1.25,$EWJ 21JUL 64C @ $1.25,1119250126184128512
2023-06-23,2023-06-23T01:29:32.805-04:00,INTC,OPEN,1.63,$INTC 28JUL 33C @ $1.63,1121673377187369050
2023-06-28,2023-06-28T16:55:36.425-04:00,TSLA,OPEN,12.5,$TSLA 18AUG 280C @ $12.5,1123718367228997682
2023-06-29,2023-06-29T17:51:56.485-04:00,IWM,OPEN,,$IWM is really starting to follow the road map I'd modeled a few days ago.,1124094932093767711
2023-06-29,2023-06-29T17:55:42.253-04:00,IWM,OPEN,1.85,$IWM 21JUL 190C @ $1.85,1124095879033401355
2023-07-05,2023-07-05T21:21:54.38-04:00,MSTR,OPEN,14.0,"$MSTR 18AUG 400/500C debit @ 14,",1126322098688761895
2023-07-06,2023-07-06T01:50:24.329-04:00,SE,OPEN,56.0,$SE has great potential from this well defined support level @ 56/57.,1126389668712292473
2023-07-07,2023-07-07T17:40:05.342-04:00,SQ,OPEN,4.0,$SQ 18AUG 70C @$4,1126991052268650667
2023-07-10,2023-07-10T23:31:28.588-04:00,UPST,OPEN,4.8,$UPST 18AUG 45C @ $4.8,1128166645408469082
2023-07-12,2023-07-12T03:41:32.429-04:00,OXY,OPEN,3.3,$OXY 15DEC 65C @ $3.30,1128591963944390666
2023-07-12,2023-07-12T04:06:50.424-04:00,PYPL,OPEN,2.5,$PYPL 20OCT 80C @ $2.50,1128598330876899434
2023-07-12,2023-07-12T23:17:08.098-04:00,AMZN,OPEN,0.9,$AMZN 21JUL 135C @ 0.9,1128887811983032402
2023-07-13,2023-07-13T02:30:28.48-04:00,SHOP,OPEN,3.0,$SHOP 11AUG 70C @ 3ish,1128936467511656468
2023-07-18,2023-07-18T02:51:02.639-04:00,NET,OPEN,3.35,$NET 18AUG 80C @ 3.35,1130753583277670503
2023-07-18,2023-07-18T03:38:53.731-04:00,SPY,OPEN,4.3,$SPY 4AUG 452C @ $4.30,1130765625510334475
2023-07-18,2023-07-18T03:49:02.126-04:00,ENPH,OPEN,4.45,$ENPH 4AUG 220C @ $4.45,1130768177303933049
2023-07-18,2023-07-18T09:16:25.625-04:00,GOOGL,OPEN,2.87,$GOOGL 18AUG 130C @ $2.87,1130850568110358578
2023-07-24,2023-07-24T01:05:50.297-04:00,SBUX,OPEN,2.52,$SBUX 18AUG 105C @ $2.52,1132901434589978644
2023-07-25,2023-07-25T08:20:23.972-04:00,TSLA,OPEN,9.0,$TSLA 20OCT 320C @ $9,1133373183374938192
2023-07-26,2023-07-26T04:43:49.86-04:00,AI,OPEN,2.2,$AI 18AUG 45C @ $2.2,1133681069984600085
2023-07-26,2023-07-26T05:11:37.285-04:00,ORCL,OPEN,2.6,$ORCL 20OCT 130C @ $2.60,1133688063671939112
2023-08-08,2023-08-08T01:49:27.003-04:00,DE,OPEN,8.0,$DE 18AUG 440C @ $8 (may be able to purchase for $6 if 430 level doesn't hold intraday),1138348227834417182
2023-08-08,2023-08-08T01:49:27.003-04:00,DIA,OPEN,,This set-up is valid above 423 and any dips to that area should be buyable. Now that the 430 level has cleared and strength looks to be shifting to $DIA I think $DE may begin to curl higher and probe ,1138348227834417182
2023-08-08,2023-08-08T01:49:27.003-04:00,DE,OPEN,,This set-up is valid above 423 and any dips to that area should be buyable. Now that the 430 level has cleared and strength looks to be shifting to $DIA I think $DE may begin to curl higher and probe ,1138348227834417182
2023-08-14,2023-08-14T03:01:24.82-04:00,AMZN,ADD,6.0,"Also, I'm adding to $AMZN 15MAR 165 @ $6 this week as a core swing.",1140540665265147924
2023-08-14,2023-08-14T04:06:07.941-04:00,MSFT,OPEN,3.3,$MSFT 15SEP 340C @ $3.30,1140556952255070280
2023-08-30,2023-08-30T01:51:41.691-04:00,CAT,OPEN,15.0,$CAT 15SEP 285C @ $3.2,1146321325800030310
2023-08-30,2023-08-30T01:51:41.691-04:00,CAT,OPEN,17.0,$CAT 17NOV 310C @ $4.25,1146321325800030310
2023-09-01,2023-09-01T03:27:58.49-04:00,IWM,OPEN,188.5,@Swing TradesWe have a tactical short setup here on $IWM. It’s forming a potential hourly head and shoulders pattern w/ a neckline at 188.50.,1147070331182399519
2023-09-01,2023-09-01T08:08:01.039-04:00,AMZN,OPEN,5.25,@Swing Trades$AMZN 15MAR 165c @ 5.25,1147140806180884561
2023-09-01,2023-09-01T08:25:17.835-04:00,SMCI,OPEN,6.0,@Swing Trades$SMCI 15SEP 300C @ $6,1147145154818494615
2023-09-06,2023-09-06T00:21:35.02-04:00,NFLX,OPEN,7.0,"@Day Trades @Swing Trades $NFLX follow up, if the range break out over 439 holds our weekly target is 460 w/ an extended target of 469.  The full measured move is to 475 which likely comes the week of",1148835363637432320
2023-09-06,2023-09-06T00:21:35.02-04:00,NQ,OPEN,7.0,"@Day Trades @Swing Trades $NFLX follow up, if the range break out over 439 holds our weekly target is 460 w/ an extended target of 469.  The full measured move is to 475 which likely comes the week of",1148835363637432320
2023-09-06,2023-09-06T02:57:44.005-04:00,AMD,OPEN,5.6,@Day Trades @Swing Trades $AMD 20OCT 110C @ $5.6,1148874660008702013
2023-09-10,2023-09-10T22:04:12.429-04:00,TSLA,OPEN,,@Day Trades @Swing Trades $TSLA dips to 248 continue to be buyable for a trip to 256. The wedge is beginning to compress on the daily timeframe as it lurches along the uptrend.,1150612731033026645
2023-09-12,2023-09-12T01:53:07.619-04:00,META,OPEN,6.8,@Day Trades @Swing Trades$META 20OCT 325C @ 6.8,1151032728460984340
2023-09-13,2023-09-13T17:55:57.722-04:00,TSLA,OPEN,5.7,$TSLA 6 OCT 295C @ $5.7,1151637421700677652
2023-09-28,2023-09-28T07:59:52.755-04:00,NFLX,OPEN,,$NFLX down almost the exact amount as the earlier correction this year + approaching its 200sma + starting to curl. Still needs to start putting in some higher lows.,1156923230540542014
2023-10-02,2023-10-02T02:48:44.521-04:00,NFLX,OPEN,3.0,@Swing Trades $NFLX 13OCT 395C @ $3,1158294481754406942
2023-10-02,2023-10-02T02:48:44.521-04:00,TSLA,OPEN,25.0,The earlier February correction = 25% as did both $TSLA corrections.,1158294481754406942
2023-10-09,2023-10-09T03:40:47.912-04:00,AMD,OPEN,1.65,$AMD 20OCT 110C @ 1.65,1160844297264959508
2023-10-09,2023-10-09T03:54:34.724-04:00,META,OPEN,2.22,$META 13OCT 320C @ $2.22,1160847765165838417
2023-10-09,2023-10-09T04:05:07.447-04:00,TSLA,OPEN,7.75,$TSLA 20OCT 270C @ $7.75,1160850418998452284
2023-10-15,2023-10-15T15:55:20.61-04:00,NVDA,CLOSE,,UPDATE: $NVDA all targets were met in time and price.  We also took trades in $MSFT from this list and all of its targets were met in time and price along with $META 328 $AVGO 888 to 920.  Trades are ,1163203478752067685
2023-10-15,2023-10-15T15:55:20.61-04:00,MSFT,CLOSE,,UPDATE: $NVDA all targets were met in time and price.  We also took trades in $MSFT from this list and all of its targets were met in time and price along with $META 328 $AVGO 888 to 920.  Trades are ,1163203478752067685
2023-10-15,2023-10-15T15:55:20.61-04:00,META,CLOSE,,UPDATE: $NVDA all targets were met in time and price.  We also took trades in $MSFT from this list and all of its targets were met in time and price along with $META 328 $AVGO 888 to 920.  Trades are ,1163203478752067685
2023-10-15,2023-10-15T15:55:20.61-04:00,AVGO,CLOSE,,UPDATE: $NVDA all targets were met in time and price.  We also took trades in $MSFT from this list and all of its targets were met in time and price along with $META 328 $AVGO 888 to 920.  Trades are ,1163203478752067685
2023-10-15,2023-10-15T22:51:57.177-04:00,COIN,OPEN,1.27,$COIN 27OCT 81C @ 1.27,1163308321953026178
2023-10-17,2023-10-17T01:27:55.364-04:00,SMH,OPEN,3.0,$SMH 27OCT 150C @ $3,1163709960899792979
2023-10-17,2023-10-17T01:27:55.364-04:00,NVDA,OPEN,149.0,SMH is against the upper trend line here which has been acting as resistance in what I’d argue looks to be a falling wedge. On a daily chart it’s currently being supported by the daily 8ema and 50sma ,1163709960899792979
2023-10-17,2023-10-17T01:27:55.364-04:00,NVDA,OPEN,149.0,SMH is against the upper trend line here which has been acting as resistance in what I’d argue looks to be a falling wedge. On a daily chart it’s currently being supported by the daily 8ema and 50sma ,1163709960899792979
2023-10-17,2023-10-17T01:27:55.364-04:00,SMH,OPEN,149.0,SMH is against the upper trend line here which has been acting as resistance in what I’d argue looks to be a falling wedge. On a daily chart it’s currently being supported by the daily 8ema and 50sma ,1163709960899792979
2023-10-17,2023-10-17T01:53:02.829-04:00,SMCI,OPEN,4.8,$SMCI 15DEC 430C @ $4.8,1163716283666268260
2023-10-17,2023-10-17T22:27:13.836-04:00,SMCI,TRIM,276.0,$SMCI UPDATE: first weekly target of 301/302 level was hit after the double bottom at 276 (50sma) noted in real time. From here 290 must hold support for 310 target by next week. Semis aren't acting w,1164026876101140491
2023-10-17,2023-10-17T22:35:08.078-04:00,CAT,OPEN,17.0,$CAT 17NOV 280C @ 6.7,1164028865216270358
2023-11-02,2023-11-02T11:13:15.486-04:00,META,OPEN,11.7,$META 15DEC 315c @ 11.70,1169655471217590281
2023-11-02,2023-11-02T12:44:35.541-04:00,META,OPEN,4.0,$META 17NOV 320C @ $4,1169678456234180708
2023-11-06,2023-11-06T22:01:15.002-05:00,IWM,OPEN,0.86,$IWM 17NOV 177C @ 0.86,1171283194683863111
2023-11-06,2023-11-06T22:47:28.708-05:00,LLY,OPEN,4.65,$LLY 10NOV 602.5C @ 4.65/4.93,1171294828450041857
2023-11-10,2023-11-10T13:46:10.325-05:00,MSFT,OPEN,5.0,$MSFT 15DEC 380c @ 5,1172608155700699176
2023-11-13,2023-11-13T13:41:45.717-05:00,CAT,OPEN,22.0,$CAT 22DEC 250c @ $4.35,1173694209451102308
2023-11-13,2023-11-13T23:39:50.425-05:00,CAT,OPEN,22.0,$CAT 22DEC 250c @ $4.35,1173844720825409578
2023-11-13,2023-11-13T23:39:50.425-05:00,ADBE,OPEN,,$ADBE comes to mind as a good example. Would it have been better to buy next years 700calls once 570 broke or closer to 520?,1173844720825409578
2023-11-13,2023-11-13T23:39:50.425-05:00,AVGO,ADD,,Ultimately it’s about risk to reward and risk tolerance. I’m fine buying a breakout like $AVGO because when they work the payout is fairly large and instant but I will say buying before the breakout t,1173844720825409578
2023-11-14,2023-11-14T00:10:13.241-05:00,TSLA,OPEN,4.0,$TSLA 15 DEC 250C @ $4,1173852366269853737
2023-11-14,2023-11-14T00:10:13.241-05:00,TSLA,CLOSE,,Big day today as $TSLA closed above the downtrend completing an inverse head and shoulders setup. We’ll likely start to see a lot of this patterns playing out in many different tickers. Success is usu,1173852366269853737
2023-11-16,2023-11-16T23:50:22.138-05:00,GLD,OPEN,2.3,$GLD 15DEC 185C @ $2.3,1174934534018576435
2023-11-17,2023-11-17T00:03:39.299-05:00,CCJ,OPEN,0.59,$CCJ 29DEC 50C @ 0.59,1174937877554135091
2023-11-20,2023-11-20T09:01:38.162-05:00,META,OPEN,4.0,$META 24NOV 335C @ $4 max,1176160428515139594
2023-11-27,2023-11-27T14:46:53.218-05:00,ARM,OPEN,3.0,$ARM 19JAN 62.5c @ $3,1178784028816592927
2023-11-27,2023-11-27T22:21:04.981-05:00,SHOP,OPEN,1.5,$SHOP 1DEC 74C @ 1.5,1178898330995142706
2023-11-28,2023-11-28T02:40:32.905-05:00,CRSP,OPEN,4.7,$CRSP 19JAN 80C @ 4.70,1178963627601051669
2023-11-28,2023-11-28T02:44:00.869-05:00,SYM,OPEN,4.4,$SYM 19JAN 65 @ $4.4,1178964499865272362
2023-11-28,2023-11-28T17:07:33.651-05:00,AFRM,OPEN,3.0,$AFRM 16FEB 32.5C @ $3 (NOW $5),1179181818424070274
2023-12-04,2023-12-04T11:17:19.286-05:00,PATH,OPEN,1.0,$PATH 16FEB 27C @ $1,1181268004982489108
2023-12-06,2023-12-06T01:33:35.458-05:00,SHOP,OPEN,2.8,$SHOP 19JAN 78C @ $2.8,1181845880131829801
2023-12-11,2023-12-11T15:39:26.383-05:00,PYPL,OPEN,2.3,$PYPL 19JAN 60C @ 2.3,1183870684267552778
2023-12-12,2023-12-12T07:48:33.64-05:00,PYPL,OPEN,2.3,$PYPL 19JAN 60C @ 2.3,1184114571540172821
2023-12-15,2023-12-15T07:45:59.853-05:00,NIO,OPEN,0.3,$NIO 16FEB 10C @ 0.30  Still basing w/ increasing volume. This is frustrating at first much like RIVN but when she goes the move tends to be powerful.,1185201090107551906
2023-12-15,2023-12-15T07:45:59.853-05:00,SEDG,OPEN,3.3,$SEDG 19JAN 115C @ 3.3 This could use some consolidation after the last 2 days so be mindful we could see a pullback soon to add at better prices. The options will be very volatile so risk only what y,1185201090107551906
2023-12-18,2023-12-18T03:46:39.28-05:00,DXY,OPEN,267.0,Finally through MOPEX so TSLA should finally be free to move through the 250 calls wall.  I’ve taken various strikes and expirations for the different targets now that its broken the first downtrend t,1186228021095579678
2023-12-18,2023-12-18T03:46:39.28-05:00,TLSA,OPEN,4.3,Aggressive calls taken on Friday:  $TLSA 22DEC 255C @ 4.3,1186228021095579678
2023-12-18,2023-12-18T03:46:39.28-05:00,TSLA,OPEN,7.7,Less aggressive calls:  $TSLA 19JAN @ 7.7,1186228021095579678
2023-12-18,2023-12-18T03:46:39.28-05:00,TSLA,OPEN,4.0,Trade for the 300 target:   $TSLA 16FEB 300C @ $4 ( these were taken last Monday and trading a bit higher now but still a good choice. Market maker expected move is 44pts by that expiration).,1186228021095579678
2023-12-18,2023-12-18T03:57:18.996-05:00,UPWK,OPEN,0.83,$UPWK 19JAN 15c @ 0.83,1186230704258940968
2023-12-19,2023-12-19T13:39:12.811-05:00,MSFT,OPEN,5.7,$MSFT 19JAN 380C @ $5.7,1186739531278450831
2023-12-19,2023-12-19T13:39:12.811-05:00,META,OPEN,4.38,$META 19JAN 370C @ $4.38,1186739531278450831
2024-01-29,2024-01-29T14:24:24.757-05:00,ADBE,OPEN,3.7,$ADBE 16FEB 660c @ $3.7 & also ok to add w/ a close over 634.,1201608808494014546
2024-01-29,2024-01-29T14:30:27.178-05:00,SNOW,OPEN,7.0,$SNOW 21JUN 260C @ $7 to $9,1201610328597868654
2024-01-29,2024-01-29T14:30:27.178-05:00,SNOW,OPEN,1.7,$SNOW lotto 2FEB 220C @ $1.7 (very high risk & may not go fully in the money),1201610328597868654
2024-02-02,2024-02-02T14:20:50.21-05:00,META,OPEN,9.2,$META 1MAR 500C @ 9.2,1203057460080803870
2024-02-05,2024-02-05T03:52:07.44-05:00,AMZN,OPEN,0.86,$AMZN 16FEB 180c @ 0.86,1203986402912632833
2024-02-07,2024-02-07T08:51:03.111-05:00,NVDA,OPEN,4.0,$NVDA 16FEB 755C @ $4,1204786406300459038
2024-02-07,2024-02-07T08:51:03.111-05:00,META,OPEN,,We saw a break out over 505 once folks caught wind of Pelosi buying back in December. Since then we’ve seen headline after headline as to why thus the move to 600 could be justified. It made sense for,1204786406300459038
2024-02-07,2024-02-07T08:51:03.111-05:00,AMZN,OPEN,,We saw a break out over 505 once folks caught wind of Pelosi buying back in December. Since then we’ve seen headline after headline as to why thus the move to 600 could be justified. It made sense for,1204786406300459038
2024-02-07,2024-02-07T08:51:03.111-05:00,AAPL,OPEN,,We saw a break out over 505 once folks caught wind of Pelosi buying back in December. Since then we’ve seen headline after headline as to why thus the move to 600 could be justified. It made sense for,1204786406300459038
2024-02-07,2024-02-07T08:51:03.111-05:00,SMCI,OPEN,,We saw a break out over 505 once folks caught wind of Pelosi buying back in December. Since then we’ve seen headline after headline as to why thus the move to 600 could be justified. It made sense for,1204786406300459038
2024-02-07,2024-02-07T08:51:03.111-05:00,ASML,OPEN,,We saw a break out over 505 once folks caught wind of Pelosi buying back in December. Since then we’ve seen headline after headline as to why thus the move to 600 could be justified. It made sense for,1204786406300459038
2024-02-07,2024-02-07T09:14:20.502-05:00,ROKU,OPEN,3.5,$ROKU *16FEB 105c @ $3.5,1204792267382980608
2024-02-07,2024-02-07T09:14:20.502-05:00,CAT,OPEN,23.0,$CAT 23FEB 340C @ $1.35,1204792267382980608
2024-02-07,2024-02-07T09:14:20.502-05:00,AVGO,OPEN,5.0,$AVGO 16FEB 1300C @ $5,1204792267382980608
2024-02-16,2024-02-16T02:19:01.587-05:00,META,OPEN,5.25,$META 1MAR 500C @ 5.25 + Macro chart analysis that makes the case for buying LEAPS,1207949240668786689
2024-02-16,2024-02-16T02:19:01.587-05:00,META,OPEN,9.0,$META 21JUN 600c @ $9,1207949240668786689
2024-02-16,2024-02-16T02:52:04.97-05:00,TSLA,OPEN,4.0,$TSLA 23FEB 200C @ $4 (roll up from the original 185calls taken during Thursday's session),1207957559579906118
2024-02-26,2024-02-26T03:46:45.656-05:00,TLT,OPEN,0.75,$TLT 28MAR 96C @ 0.75,1211595198430445568
2024-02-26,2024-02-26T03:53:48.266-05:00,MARA,OPEN,1.7,$MARA 8MAR 26C @ 1.70,1211596970985259028
2024-02-26,2024-02-26T04:05:32.871-05:00,ARM,OPEN,4.0,$ARM 15MAR 175C @ $4-5,1211599926312566794
2024-03-04,2024-03-04T02:10:54.71-05:00,ARM,OPEN,5.1,$ARM 15MAR 165C @ 5.10,1214107792273702933
2024-03-04,2024-03-04T03:25:46.952-05:00,NVDA,OPEN,14.0,$NVDA 19 JUL 1200C @ $14,1214126634102165504
2024-03-04,2024-03-04T03:45:30.473-05:00,AMD,OPEN,13.0,$AMD 17MAY 220C @ $13,1214131598149165098
2024-03-04,2024-03-04T03:45:30.473-05:00,AMD,OPEN,3.0,$AMD 19 JUL 320C @ $3 (good one to keep as a runner),1214131598149165098
2024-03-04,2024-03-04T04:09:32.886-05:00,SMCI,OPEN,17.0,$SMCI 8MAR 1000C @ $17 taken last week.,1214137648067772427
2024-04-01,2024-04-01T04:29:04.22-04:00,AMZN,OPEN,1.42,$AMZN 12APR 185C @ $1.42,1224274321741189223
2024-04-04,2024-04-04T06:40:26.627-04:00,GOOGL,OPEN,3.65,$GOOGL 21JUN 170C @ $3.65,1225394546548932678
2024-04-10,2024-04-10T05:28:23.347-04:00,GOOGL,OPEN,3.65,$GOOGL 21JUN 170C @ $3.65,1227550740592197723
2024-04-22,2024-04-22T02:44:47.136-04:00,NVDA,OPEN,8.75,$NVDA 17MAY 700put @ 8.75 from Friday are currently at 100%.,1231858222806204456
2024-05-06,2024-05-06T02:47:39.174-04:00,VKTX,OPEN,5.0,$VKTX 17MAY 80C @ $5,1236932374504407073
2024-05-08,2024-05-08T17:26:15.621-04:00,SMH,OPEN,239.0,If this backtest holds expect semis to rally back towards $SMH ATH at 239,1237878259040125018
2024-05-09,2024-05-09T02:38:48.561-04:00,XOM,OPEN,2.3,$XOM 19JUL 120C @ 2.3,1238017312548716584
2024-05-17,2024-05-17T01:28:07.259-04:00,STNG,OPEN,6.25,$STNG 17JAN 90C @ 6.25,1240898626163834910
2024-05-20,2024-05-20T02:43:49.739-04:00,MSFT,OPEN,3.8,$MSFT 31MAY 425C @ 3.8,1242004842302410854
2024-06-04,2024-06-04T09:03:54.744-04:00,IWM,OPEN,7.0,$IWM 16AUG 205C @ $7,1247536311410229248
2024-06-04,2024-06-04T09:20:12.316-04:00,GOOGL,OPEN,3.0,$GOOGL 21JUN 175C @ $3,1247540411644248138
2024-06-05,2024-06-05T05:49:15.954-04:00,NOW,OPEN,5.65,$NOW 7JUN 680c @ 5.65,1247849714880352357
2024-06-05,2024-06-05T06:50:08.633-04:00,DE,OPEN,16.0,$DE 20DEC 400c @ $16,1247865035326361702
2024-06-05,2024-06-05T07:05:48.244-04:00,NVO,OPEN,6.83,$NVO 20SEP 145c @ 6.83,1247868976340533349
2024-06-05,2024-06-05T07:24:10.323-04:00,SPY,OPEN,3.4,$SPY 21JUNE 530c @3.4,1247873598795026442
2024-06-05,2024-06-05T07:34:19.924-04:00,YUM,OPEN,6.8,$YUM 17JAN 145C @ 6.8,1247876155646804071
2024-06-05,2024-06-05T07:39:18.899-04:00,VRT,OPEN,7.0,$VRT 20SEP 110c @ $7,1247877409638842469
2024-06-05,2024-06-05T07:57:45.433-04:00,HOOD,OPEN,1.2,$HOOD 21JUN 22c @ 1.2,1247882050778824745
2024-06-05,2024-06-05T08:21:58.319-04:00,VST,OPEN,2.75,$VST 19JUL 100C @ 2.75,1247888144624521246
2024-06-17,2024-06-17T12:09:49.983-04:00,ANET,OPEN,18.0,$ANET 20SEP 370c @ 18,1252294142126723112
2024-06-17,2024-06-17T12:22:33.247-04:00,CRWD,OPEN,,$CRWD is in a break out after the announcement of being added to the S&P.,1252297343487971328
2024-06-17,2024-06-17T12:22:33.247-04:00,CRWD,OPEN,9.0,$CRWD 28JUN 390c @ 9,1252297343487971328
2024-06-17,2024-06-17T12:22:33.247-04:00,CRWD,OPEN,12.0,$CRWD 19JUL 400c @ 12,1252297343487971328
2024-06-17,2024-06-17T13:28:50.132-04:00,AAPL,OPEN,5.5,$AAPL 6/20/2025 260calls @ 5.5 with the primary target being 234.,1252314023752630414
2024-06-17,2024-06-17T13:41:24.971-04:00,LRCX,OPEN,22.0,$LRCX 19JUL 1110c @ 22,1252317189776740397
2024-06-17,2024-06-17T14:39:35.7-04:00,AFRM,OPEN,1.17,$AFRM 30x 19JUL 35c @ 1.17,1252331830955348103
2024-06-24,2024-06-24T03:13:04.913-04:00,AMZN,OPEN,199.0,From here our primary target is 191.40 as long as 187 holds on dips.  Once we get a close above 192 we should FINALLY see a move towards 199. $AMZN reports earnings July 29th so that’s the date I bele,1254695779332001792
2024-06-25,2024-06-25T13:50:52.645-04:00,MELI,OPEN,23.55,$MELI 19JUL 1700C @ 23.55,1255218673698869431
2024-06-25,2024-06-25T13:57:21.003-04:00,NOW,OPEN,7.0,$NOW 19JUL 790c @ $7,1255220302590382207
2024-06-25,2024-06-25T14:02:27.11-04:00,COHR,OPEN,9.8,$COHR 02/2025 75c @ 9.8-10.90,1255221586496323584
2024-07-01,2024-07-01T15:03:43.029-04:00,DELL,OPEN,11.8,$DELL 18OCT 150c @ 11.8 - core hold,1257411331611562094
2024-07-01,2024-07-01T15:03:43.029-04:00,DELL,OPEN,3.2,$DELL 19JUL 150C @ 3.2 - higher risk/reward.,1257411331611562094
2024-07-05,2024-07-05T12:23:57.378-04:00,AMD,OPEN,12.95,$AMD 20SEP 180calls @ 12.95.,1258820677939499110
2024-07-05,2024-07-05T13:17:28.327-04:00,CRM,OPEN,2.87,$CRM 16AUG 280C @ 2.87,1258834145635864608
2024-07-05,2024-07-05T13:23:02.142-04:00,ADBE,OPEN,11.25,$ADBE 17JAN 700c @ 11.25,1258835545757319219
2024-07-05,2024-07-05T13:40:14.482-04:00,META,OPEN,10.0,$META 19JUL 540c @ $10 + higher risk/reward,1258839875705114655
2024-07-05,2024-07-05T13:40:14.482-04:00,MEAT,OPEN,12.0,$MEAT 12JUL 550c @ 4.3,1258839875705114655
2024-07-05,2024-07-05T13:53:52.957-04:00,ARM,OPEN,16.0,$ARM 16AUG 200C @ 16,1258843308638212209
2024-07-09,2024-07-09T14:46:12.15-04:00,META,OPEN,5.85,$META 26JUL 555c @ 5.85 which places it in the week of earnings.,1260306026830495836
2024-07-14,2024-07-14T23:19:55.198-04:00,MSTR,OPEN,1600.0,$MSTR 1580-1600 is the weekly target.,1262247247391756329
2024-07-15,2024-07-15T00:38:52.836-04:00,CVNA,OPEN,5.3,$CVNA 26JUL 140c @ 5.3,1262267118485770280
2024-07-22,2024-07-22T21:27:23.224-04:00,CAT,OPEN,16.0,$CAT 16AUG 360C @ 7.2,1265118030485000283
2024-07-26,2024-07-26T14:58:30.97-04:00,DE,OPEN,3.93,$DE 20SEP 430c @ 3.93,1266469719381381122
2024-08-06,2024-08-06T12:33:31.186-04:00,SPY,OPEN,2.6,$SPY 20SEP 550/560call debit @ 2.6,1270419496364146688
2024-08-07,2024-08-07T02:10:02.962-04:00,SPX,OPEN,5600.0,After this potential oversold rally into the area of $SPX 5550-5600 I do want to be very cautious as the move may prove to be a large bull trap ahead of the first rate cuts.,1270624982766063690
2024-08-07,2024-08-07T02:10:02.962-04:00,META,OPEN,8.0,$META 20SEP 530C @ $8 ( attempting to get filled @ $8 with current volatility but $9-$10 may be more realistic),1270624982766063690
2024-08-07,2024-08-07T02:21:54.507-04:00,GOOGL,OPEN,1.46,$GOOGL 20SEP 175c @ 1.46,1270627967202103306
2024-08-12,2024-08-12T03:08:19.913-04:00,NVDA,OPEN,3.68,$NVDA PLAN and preferred strike for earnings 6SEP 117C @ 3.68,1272451589369630792
2024-08-16,2024-08-16T15:33:29.547-04:00,ULTA,OPEN,4.9,$ULTA 30AUG 420c @ $4.9,1274088666628882532
2024-08-20,2024-08-20T02:23:07.952-04:00,NVDA,OPEN,140.0,This would give $NVDA a price target of 135-140 for year end if it doesn't trade prior to earnings.,1275339317505425560
2024-08-20,2024-08-20T02:44:49.748-04:00,MU,OPEN,3.2,$MU 20SEP 115C @ 3.2-3.4,1275344777633599539
2024-08-20,2024-08-20T02:51:42.716-04:00,SMH,OPEN,3.38,$SMH 18OCT 260/270c @ 3.38,1275346509746933800
2024-08-26,2024-08-26T02:00:18.627-04:00,IWM,OPEN,2.88,$IWM 20SEP 228c @ 2.88,1277507901333966868
2024-08-29,2024-08-29T13:55:08.71-04:00,FTAI,OPEN,4.5,$FTAI 18OCT 135C @ 4.5,1278774958977187862
2024-09-10,2024-09-10T11:15:50.221-04:00,COST,OPEN,1.64,$COST 18OCT 1050c @ 1.64,1283083522156007475
2024-09-11,2024-09-11T00:51:52.372-04:00,TLT,OPEN,5.0,$TLT 6/20/2025 102C @ $5,1283288884301791275
2024-09-11,2024-09-11T00:51:52.372-04:00,TLT,OPEN,30.0,3. On the technical side $TLT has broken out of a symmetrical triangle. I'd highlighted this earlier in the year when we first went long $IWM. (can be found in #🚨-wifey-swing-trades-with-at-least-30da,1283288884301791275
2024-09-11,2024-09-11T00:51:52.372-04:00,IWM,OPEN,100.0,3. On the technical side $TLT has broken out of a symmetrical triangle. I'd highlighted this earlier in the year when we first went long $IWM. (can be found in #🚨-wifey-swing-trades-with-at-least-30da,1283288884301791275
2024-09-11,2024-09-11T00:51:52.372-04:00,TLT,OPEN,120.0,3. On the technical side $TLT has broken out of a symmetrical triangle. I'd highlighted this earlier in the year when we first went long $IWM. (can be found in #🚨-wifey-swing-trades-with-at-least-30da,1283288884301791275
2024-09-11,2024-09-11T02:38:01.03-04:00,TSLA,OPEN,300.0,The longer price bases below the trend line the more likely sellers are no longer in control. Once above 240 $TSLA should begin to make its move back to 270-300.,1283315596389515327
2024-09-11,2024-09-11T18:47:36.393-04:00,NVDA,OPEN,1.0,$NVDA 20DEC 165C @ $1,1283559601547120681
2024-09-12,2024-09-12T16:17:16.888-04:00,ARM,OPEN,2.9,$ARM 18OCT 170c @ 2.90,1283884158866817135
2024-09-14,2024-09-14T07:04:21.568-04:00,LW,OPEN,2.0,$LW 18OCT 70C @ 2,1284469787220774995
2024-09-14,2024-09-14T07:24:00.767-04:00,COST,OPEN,1.65,$COST 18OCT 1050C @ 1.65,1284474733139857506
2024-09-19,2024-09-19T02:12:14.406-04:00,CVNA,OPEN,,It's hard to believe we first bought $CVNA when it was in the single digits.,1286208212302958654
2024-09-19,2024-09-19T02:12:14.406-04:00,CVNA,OPEN,3.45,We initiated a starter position during today's trading session in the $CVNA 4OCT 175c @ 3.45 but I also like,1286208212302958654
2024-09-22,2024-09-22T23:55:20.406-04:00,META,OPEN,8.0,$META UPDATE: the 20SEP 530c @ $8 ended up finishing @ $34.,1287623311752171592
2024-09-23,2024-09-23T02:56:18.028-04:00,AVGO,OPEN,2.8,"Higher risk:  $AVGO 27SEP 172.5C @ $2.8  T1: 174,  Must hold 170 daily close",1287668851919556619
2024-09-23,2024-09-23T02:56:18.028-04:00,AVGO,OPEN,2.0,"Lotto: $AVGO 27SEP 175C @ $2 - risk full debit, no stop on lottos.",1287668851919556619
2024-09-23,2024-09-23T02:56:18.028-04:00,AVGO,OPEN,2.0,"Medium risk: $AVGO 18OCT 185c @ $2 - $2.5,  T1: 174 and I'll hold runners for possible continuation to test the all time high (this is the position I said I was going heavy on)",1287668851919556619
2024-09-23,2024-09-23T02:56:18.028-04:00,AVGO,OPEN,13.5,"Lower risk:  $AVGO 2/21/2025 182c @ $13.50,  T1: 174 and I'll hold runners for possible continuation to test the all time high",1287668851919556619
2024-09-23,2024-09-23T04:01:54.287-04:00,IWM,OPEN,222.0,$IWM broke above the downtrend from the July peak and has since been holding above key areas of support between 220-222.,1287685361786421270
2024-09-23,2024-09-23T04:45:42.901-04:00,TSLA,OPEN,3.0,$TSLA 18OCT 300C @ $3,1287696386992767041
2024-09-23,2024-09-23T05:01:01.614-04:00,GOOGL,OPEN,3.2,$GOOGL 18OCT 165C @ 3.2,1287700240354246689
2024-09-23,2024-09-23T05:01:01.614-04:00,GOOGL,OPEN,1.45,$GOOGL 1/17/2025 200c @ 1.45 *CORE POSITION*,1287700240354246689
2024-09-23,2024-09-23T05:19:13.699-04:00,ANET,OPEN,11.0,$ANET 15NOV 430c @ $11,1287704820890861609
2024-09-23,2024-09-23T05:38:10.405-04:00,MSFT,OPEN,2.72,$MSFT 18OCT 455c @ 2.72,1287709588581515346
2024-09-23,2024-09-23T05:38:10.405-04:00,MSFT,OPEN,439.0,If $MSFT can now hold above 431 and form a tight consolidation between the 435-439 trading range for a few sessions we should see this resolve higher to those former highs.,1287709588581515346
2024-09-24,2024-09-24T03:05:34.803-04:00,SQ,OPEN,1.85,$SQ 18OCT 70c @ 1.85,1288033575069028352
2024-09-26,2024-09-26T15:27:45.189-04:00,QQQ,OPEN,3.0,$QQQ 11OCT 500c @ $3,1288945124776345693
2024-09-27,2024-09-27T02:39:49.467-04:00,QQQ,OPEN,3.0,$QQQ 11OCT 500c @ $3,1289114257056727063
2024-09-27,2024-09-27T03:08:17.493-04:00,ADI,OPEN,9.0,$ADI 1/17/2025 250C @ $9,1289121421036879894
2024-09-27,2024-09-27T20:18:46.029-04:00,IWM,OPEN,222.0,$IWM broke above the downtrend from the July peak and has since been holding above key areas of support between 220-222.,1289380748713001031
2024-10-01,2024-10-01T02:20:50.622-04:00,ISRG,OPEN,,I like but don't love this particular setup mainly because of the break out level being so close to the psych 500 level but with earnings coming up we could see $ISRG breakout and rally into the print,1290559031856988250
2024-10-11,2024-10-11T13:28:45.598-04:00,CIEN,OPEN,,Breakout today in $CIEN after announcing $1b buyback program.,1294350997144998030
2024-10-11,2024-10-11T13:28:45.598-04:00,CIEN,OPEN,4.0,$CIEN 7JAN 70c @ $4-4.35 can work for this trade.,1294350997144998030
2024-10-13,2024-10-13T23:37:49.139-04:00,GS,CLOSE,,$GS closed the week at a new all time closing high mirroring what could be a possible rotation into $IWM.,1295229047596515439
2024-10-13,2024-10-13T23:37:49.139-04:00,IWM,CLOSE,,$GS closed the week at a new all time closing high mirroring what could be a possible rotation into $IWM.,1295229047596515439
2024-10-15,2024-10-15T01:07:18.999-04:00,SMH,OPEN,3.93,$SMH 1NOV 270c @ 3.93,1295613958287392800
2024-10-15,2024-10-15T01:42:31.211-04:00,IWM,OPEN,0.8,$IWM 18OCT 225c @ 0.8,1295622817546768425
2024-10-15,2024-10-15T01:42:31.211-04:00,IWM,OPEN,0.8,The $IWM 18OCT 225C @ 0.8 finished @ 2.70 for 230%.,1295622817546768425
2024-10-15,2024-10-15T01:54:52.604-04:00,VRT,OPEN,5.2,$VRT 20DEC 130c @ 5.2-5.5,1295625927174262854
2024-10-15,2024-10-15T02:13:48.911-04:00,MSTR,OPEN,6.63,$MSTR 25OCT 225c @ $6.63,1295630693191254047
2024-11-05,2024-11-05T13:33:09.382-05:00,GOOGL,OPEN,2.53,$GOOGL 20DEC 180c @ 2.53,1303426899669815347
2024-11-11,2024-11-11T02:00:55.739-05:00,IWM,OPEN,2.67,$IWM 22NOV 240c @ 2.67,1305427022138441790
2024-12-02,2024-12-02T03:15:03.939-05:00,TAN,OPEN,1.3,$TAN 1/17/2025 39C @ 1.3 and I'll add if $1.1 trades via limit order,1313055824418967582
2024-12-12,2024-12-12T03:43:50.732-05:00,LRCX,OPEN,2.4,$LRCX 2/21/25 90C @ 2.4,1316686945769885737
2024-12-23,2024-12-23T01:28:40.771-05:00,SQ,OPEN,2.2,$SQ 21FEB 105C @ $2.20 - $2.50,1320639196649619568
2025-01-02,2025-01-02T21:44:56.049-05:00,RGTI,OPEN,,I'm starting a side @account challenge that's compromised only of $RGTI $IONQ,1324569155805909012
2025-01-02,2025-01-02T21:44:56.049-05:00,IONQ,OPEN,,I'm starting a side @account challenge that's compromised only of $RGTI $IONQ,1324569155805909012
2025-01-02,2025-01-02T21:44:56.049-05:00,RGTI,TRIM,,I have a price target of 30 on $RGTI in the more immediate term and I believe this is the vehicle to use to double this account and get us to where we need to be.,1324569155805909012
2025-01-21,2025-01-21T13:36:27.273-05:00,QBTS,OPEN,0.15,$QBTS 24jan 7.5c @ 0.15 x 10,1331331595336024096
2025-01-22,2025-01-22T09:04:33.714-05:00,QBTS,OPEN,,"The only new trades added were weekly $QBTS, $ORCL180 for Feb, and $AVGO for next week.",1331625559175856252
2025-01-22,2025-01-22T09:04:33.714-05:00,AVGO,OPEN,,"The only new trades added were weekly $QBTS, $ORCL180 for Feb, and $AVGO for next week.",1331625559175856252
2025-01-22,2025-01-22T09:37:23.594-05:00,AVGO,OPEN,2.75,$AVGO 245c @ 2.75,1331633821451292704
2025-01-28,2025-01-28T07:45:41.015-05:00,AMGN,OPEN,2.75,$AMGN 21FEB 295c @ 2.75,1333780035990978610
2025-02-04,2025-02-04T10:00:55.646-05:00,RGTI,OPEN,0.5,$RGTI 21FEB 20c @ 0.50,1336350786279440394
2025-02-04,2025-02-04T10:08:14.073-05:00,SPX,OPEN,6030.0,$SPX should fill the gap at 6030 today,1336352625175695362
2025-02-19,2025-02-19T04:00:44.103-05:00,ZS,OPEN,210.0,If the 218 level rejects then $ZS has support at 210 which would be the perfect place to add a second lot of calls which should be buyable for around $3 to $3.2,1341695958882324561
2025-02-24,2025-02-24T04:35:40.043-05:00,EWZ,OPEN,2.4,$EWZ 16JAN 2026 @ 2.40,1343516689219715107
2025-02-24,2025-02-24T04:35:40.043-05:00,SPX,TRIM,,Trade Thesis: While $SPX has been trading sideways many international markets are up double digits in many cases.  Brazil offers a unique opportunity due to the political landscape. Elections aren’t u,1343516689219715107
2025-02-24,2025-02-24T04:35:40.043-05:00,EWZ,TRIM,,Trade Thesis: While $SPX has been trading sideways many international markets are up double digits in many cases.  Brazil offers a unique opportunity due to the political landscape. Elections aren’t u,1343516689219715107
2025-02-24,2025-02-24T04:35:40.043-05:00,TSLA,TRIM,,Trade Thesis: While $SPX has been trading sideways many international markets are up double digits in many cases.  Brazil offers a unique opportunity due to the political landscape. Elections aren’t u,1343516689219715107
2025-02-24,2025-02-24T04:35:40.043-05:00,NVDA,TRIM,,Trade Thesis: While $SPX has been trading sideways many international markets are up double digits in many cases.  Brazil offers a unique opportunity due to the political landscape. Elections aren’t u,1343516689219715107
2025-02-24,2025-02-24T04:35:40.043-05:00,EWZ,OPEN,,As an added bonus if looking for yield $EWZ has a very attractive divi.,1343516689219715107
2025-02-24,2025-02-24T05:13:54.481-05:00,LRCX,OPEN,1.2,$LRCX 7MAR 90c @ 1.2 lotto,1343526312790462517
2025-02-24,2025-02-24T05:13:54.481-05:00,LRCX,OPEN,6.0,$LRCX 20JUN 90c @ $6-6.5,1343526312790462517
2025-02-27,2025-02-27T02:15:18.176-05:00,GEV,OPEN,10.0,$GEV 20JUN 450C @ $10 to $11 if possible.,1344568528946335825
2025-03-10,2025-03-10T05:27:40.28-04:00,OKLO,OPEN,1.3,$OKLO 28MAR 32c @ $1.3 to $1.7,1348588107066507264
2025-03-10,2025-03-10T05:30:54.975-04:00,NVDA,OPEN,2.0,$NVDA 28MAR 120calls @ $2,1348588923676262491
2025-03-17,2025-03-17T12:37:36.207-04:00,BIDU,OPEN,3.5,$BIDU 17APR 100c out @ 3.5,1351233018085376162
2025-06-30,2025-06-30T04:43:03.283-04:00,OKLO,OPEN,4.0,$OKLO 15AUG 70c trading @ $4,1389164319874486433
2025-06-30,2025-06-30T04:43:03.283-04:00,VST,OPEN,3.7,$VST 15AUG 240c @ $3.7 is my preferred trade once the 200 breakout level is cleared though I don't anticipate the overhead supply being an issue if we look at other names in the space such as the ones,1389164319874486433
2025-06-30,2025-06-30T04:43:03.283-04:00,LEU,OPEN,3.7,$VST 15AUG 240c @ $3.7 is my preferred trade once the 200 breakout level is cleared though I don't anticipate the overhead supply being an issue if we look at other names in the space such as the ones,1389164319874486433
2025-07-10,2025-07-10T16:48:52.044-04:00,ASML,OPEN,13.7,$ASML 15AUG 870c @ $13.70,1392970855272681562
2025-07-14,2025-07-14T05:04:22.153-04:00,IBIT,OPEN,77.0,From here there is a larger timeframe head and shoulder target that has a measured move to $IBIT 75-77 / #BITCOIN 135K,1394243113962442752
2025-07-14,2025-07-14T05:04:22.153-04:00,IBIT,OPEN,115.0,The path? A pretty explosive move so we could head straight to those targets but if not I'll look to the $IBIT 67 /  #BITCOIN 114-115K level to reload calls for the final target,1394243113962442752
2025-08-05,2025-08-05T13:29:31.862-04:00,PANW,OPEN,,$PANW buy for potential push into earnings,1402342775139209377
2025-08-06,2025-08-06T14:04:16.499-04:00,INOD,OPEN,43.0,$INOD commons added to long term portfolio at 43 cost basis,1402713906606112950
2025-08-28,2025-08-28T12:24:38.246-04:00,SATS,OPEN,,$SATS to be added to buy and hold account for larger portfolio growth.,1410661365038710806
2025-09-09,2025-09-09T14:34:30.217-04:00,SOFI,OPEN,25.9,Adding $SOFI to our commons here at 25.90 before I forget again.,1415042701321306283
2025-09-09,2025-09-09T14:34:30.217-04:00,IREN,OPEN,30.0,$IREN at 30 as well,1415042701321306283
2025-09-09,2025-09-09T14:56:35.495-04:00,LDI,OPEN,3.22,$LDI commons at 3.22,1415048259939864760
2025-09-11,2025-09-11T13:28:33.755-04:00,INOD,TRIM,,we may double our investment on $INOD from the 43 entry fam,1415750882448113778
2025-09-15,2025-09-15T16:23:10.11-04:00,BBAI,OPEN,5.11,"Adding $BBAI commons at $5.11,",1417244374928199820
2025-09-17,2025-09-17T10:54:46.966-04:00,RZLV,OPEN,7.12,$RZLV @ $7.12,1417886509683703890
2025-09-17,2025-09-17T11:05:03.252-04:00,INOD,CLOSE,43.0,$INOD - 43  (100% gain achieved) (remaining half of position closed at 83),1417889094574407912
2025-09-17,2025-09-17T11:05:03.252-04:00,SOFI,OPEN,25.9,$SOFI - 25.90,1417889094574407912
2025-09-17,2025-09-17T11:05:03.252-04:00,LDI,CLOSE,3.22,$LDI - 3.22 ( closing @ 2.3 ),1417889094574407912
2025-09-17,2025-09-17T11:05:03.252-04:00,IREN,TRIM,30.0,$IREN - 30 (100% gain achieved),1417889094574407912
2025-09-17,2025-09-17T11:05:03.252-04:00,RGTI,CLOSE,19.0,$RGTI - 19 (100% gain achieved) (full position closed out at 40 and 45),1417889094574407912
2025-09-17,2025-09-17T11:05:03.252-04:00,BBAI,CLOSE,5.11,"$BBAI - 5.11 (2x weighting) (1/2 position closed @ 4.07, back to equal weight)",1417889094574407912
2025-09-17,2025-09-17T11:05:03.252-04:00,RZLV,CLOSE,7.12,$RZLV - $7.12 ( closing position @ $5.36 ),1417889094574407912
2025-09-17,2025-09-17T11:05:03.252-04:00,NB,CLOSE,8.83,$NB - $8.83 ( closing @ $6.36 - replacing with $MP ),1417889094574407912
2025-09-17,2025-09-17T11:05:03.252-04:00,MP,CLOSE,6.36,$NB - $8.83 ( closing @ $6.36 - replacing with $MP ),1417889094574407912
2025-09-17,2025-09-17T11:05:03.252-04:00,AMPX,CLOSE,10.33,"$AMPX - $10.33 (closing 1/2 @ 10.33 for 77%, stop @ 15 for remaining position) (stop was hit. Adding back @ $15.44)",1417889094574407912
2025-09-17,2025-09-17T11:05:03.252-04:00,INTC,CLOSE,33.55,$INTC - $33.55 (closing 1/2 @ $82.55 +150%),1417889094574407912
2025-09-17,2025-09-17T11:05:03.252-04:00,RXRX,CLOSE,6.0,$RXRX - $6 ( closing @ $4.18 ),1417889094574407912
2025-09-17,2025-09-17T11:05:03.252-04:00,NVTS,CLOSE,9.98,$NVTS - $9.98 ( closing 1/2 $NVTS @ 20.87 for just over 100% ),1417889094574407912
2025-09-17,2025-09-17T11:05:03.252-04:00,NVTS,CLOSE,20.87,$NVTS - $9.98 ( closing 1/2 $NVTS @ 20.87 for just over 100% ),1417889094574407912
2025-09-17,2025-09-17T11:05:03.252-04:00,PATH,OPEN,16.75,$PATH - $16.75,1417889094574407912
2025-09-17,2025-09-17T11:05:03.252-04:00,SEI,OPEN,50.0,$SEI - 50,1417889094574407912
2025-09-17,2025-09-17T11:05:03.252-04:00,MP,OPEN,64.76,$MP - 64.76 (half sized- will add other half if 65 is held or on a pullback to 57) (position now full sized),1417889094574407912
2025-09-17,2025-09-17T11:05:03.252-04:00,SNDK,OPEN,667.0,$SNDK - $667,1417889094574407912
2025-09-17,2025-09-17T11:05:03.252-04:00,AXTI,TRIM,44.75,$AXTI - $44.75 (1/2 out @ 98.60 for 120%),1417889094574407912
2025-09-17,2025-09-17T11:05:03.252-04:00,INFQ,OPEN,13.0,$INFQ - $13 (S/L: 12),1417889094574407912
2025-09-17,2025-09-17T11:05:03.252-04:00,TE,OPEN,7.4,$TE - $7.40,1417889094574407912
2025-09-17,2025-09-17T15:54:59.082-04:00,AMPX,OPEN,10.33,$AMPX @ $10.33,1417962057973760122
2025-09-23,2025-09-23T11:46:56.863-04:00,INOD,TRIM,,We've come within a touch of doubling our investment on $INOD as projected last week,1420073964616814632
2025-09-25,2025-09-25T14:42:49.835-04:00,INTC,OPEN,33.55,$INTC - 33.55,1420843002720686081
2025-10-01,2025-10-01T11:14:48.472-04:00,INOD,TRIM,,$INOD commons are 5 handles shy of a double fam.,1422964979283398797
2025-10-02,2025-10-02T10:34:52.184-04:00,INOD,TRIM,,"$INOD 100% gain achieved, make it free fam",1423317316388524063
2025-10-06,2025-10-06T12:58:38.27-04:00,IREN,TRIM,60.0,$IREN is just 3 handles shy of a double. Will be official at 60,1424803048277938207
2025-10-07,2025-10-07T08:53:05.581-04:00,IREN,TRIM,,$IREN is officially over a double fam 🙌.,1425103642767130676
2025-10-07,2025-10-07T09:21:23.134-04:00,NB,OPEN,8.83,$NB @ $8.83,1425110762820468746
2025-10-08,2025-10-08T12:20:31.324-04:00,RXRX,OPEN,6.0,Buying $RXRX @ $6,1425518231862509699
2025-10-13,2025-10-13T12:04:04.773-04:00,INOD,CLOSE,83.0,i’m selling the remaining $INOD commons @ 83.,1427326033295573074
2025-10-17,2025-10-17T10:27:37.083-04:00,RGTI,CLOSE,45.0,Closing out the remaining $RGTI position @ 45 to lock in the over 100% gain on commons.,1428751309426921492
2025-10-17,2025-10-17T13:18:48.835-04:00,SEI,OPEN,50.0,Adding solar name $SEI @ 50 to the commons port,1428794392277155941
2025-10-21,2025-10-21T15:10:03.001-04:00,KRKNF,OPEN,5.0,$KRKNF @ $5,1430271937220968541
2025-11-10,2025-11-10T14:19:14.823-05:00,NB,OPEN,6.36,"Selling $NB at 6.36 for a loss,",1437522009042059305
2025-11-10,2025-11-10T14:19:14.823-05:00,MP,OPEN,64.88,Replacing it with $MP at 64.88 but half sized.,1437522009042059305
2026-02-02,2026-02-02T11:51:48.469-05:00,RXRX,CLOSE,4.18,Dropping $RXRX from the commons port @ $4.18 and adding the other half of $MP @ 60.60,1467925485454626909
2026-02-02,2026-02-02T11:51:48.469-05:00,MP,CLOSE,60.6,Dropping $RXRX from the commons port @ $4.18 and adding the other half of $MP @ 60.60,1467925485454626909
2026-02-02,2026-02-02T11:54:40.5-05:00,LDI,CLOSE,2.3,Closing $LDI @ $2.3,1467926207004938423
2026-02-02,2026-02-02T11:57:34.826-05:00,SNDK,OPEN,667.0,Adding $SNDK half sized @ 667,1467926938181046317
2026-03-02,2026-03-02T13:16:14.026-05:00,AXTI,TRIM,44.75,$AXTI @ 44.75 to commons port and selling half of the $BBAI @ $4 that was previously 2x weighting.,1478093592177283254
2026-03-02,2026-03-02T13:16:14.026-05:00,BBAI,TRIM,4.0,$AXTI @ 44.75 to commons port and selling half of the $BBAI @ $4 that was previously 2x weighting.,1478093592177283254
2026-03-10,2026-03-10T12:02:12.266-04:00,AMPX,TRIM,15.0,"$AMPX UP 77%, SELLING HALF HERE WITH STOP AT 15 ON REMAINDER",1480958965516079104
2026-04-27,2026-04-27T12:18:39.062-04:00,INFQ,OPEN,13.0,$INFQ @ $13 to commons port.,1498357721987022968
2026-05-01,2026-05-01T18:34:52.993-04:00,AXTI,TRIM,98.6,$AXTI selling half of our position @ 98.60 for 120%,1499901955378516139
2026-05-04,2026-05-04T15:20:21.161-04:00,SNDK,TRIM,,$SNDK should give us a double by this week.,1500940163763666975
2026-05-13,2026-05-13T11:26:32.349-04:00,NVTS,TRIM,20.87,"$NVTS 1/2 sold for @ 20.87 to lock in the 100% gain, standard practice.",1504142813451780137
2026-05-13,2026-05-13T11:39:01.216-04:00,LITE,OPEN,,"adding $LITE if we dip below 1K again, we should see this double again before the year is up",1504145954427895918
2026-05-14,2026-05-14T13:00:42.856-04:00,LITE,OPEN,,$LITE added to commons port.,1504528901261492315
2026-05-18,2026-05-18T18:49:03.882-04:00,TE,OPEN,7.4,Adding $TE @ 7.40,1506066117981110313
2026-05-18,2026-05-18T18:49:03.882-04:00,LITE,TRIM,886.0,reducing $LITE by 50% @ 886 ( plan to add back if 800 trades),1506066117981110313
2026-05-21,2026-05-21T18:38:56.076-04:00,AMPX,STOP,15.0,$AMPX stopped @ $15 on remaining half of the original position from $10.33.,1507150732254777384
